year,POP,industrial_output,food_per_capita,NR,PPOL,life_expectancy,human_welfare_index,ecological_footprint
1900.0,1600000000.0,66500000000.0,291.17812499999997,1000000000000.0,25000000.0,30.18288477521825,0.17410889824875725,5.442823529411765
1901.0,1613946874.9275877,66500000000.0,288.66191771083083,999717375000.0,15543297.652694246,30.18288477521825,0.1731044100685407,5.490267516297789
1902.0,1627115345.8896673,69013843420.84198,288.03228804114275,999434750000.0,9763920.24930543,30.034752788700047,0.1740828473624466,5.553338532956225
1903.0,1642244335.4358861,71136705543.21199,288.0610721037236,999141441165.4614,6469091.96188736,30.003172165894213,0.1750158973546019,5.62587872687757
1904.0,1658368220.1288671,73148030498.99542,289.1743269259613,998839110166.9028,4982426.875383576,29.9977759058799,0.17596424776347608,5.706434557150342
1905.0,1675033403.7955518,75152994493.55463,290.69932452977025,998528231037.2822,4911305.730597717,30.044048798515302,0.1770942382121611,5.793701086450362
1906.0,1691994280.1737907,77200901285.80136,292.23355049935446,998208830810.6846,6013972.157812472,30.109666676283563,0.17836841012080637,5.88683983341519
1907.0,1709122912.892592,79307500651.20688,293.68709073799124,997880726980.2197,8125427.681800699,30.17519646937973,0.17974732036611377,5.985210144218121
1908.0,1726344062.2760057,81476176598.06337,295.09402282265006,997543670102.4521,11117587.867573746,30.2365554146335,0.1812177156088983,6.088316463591762
1909.0,1743615198.0729468,83707985713.66539,296.49643139673054,997197396351.9102,14879092.938178347,30.295728965864765,0.18277859083006637,6.195813247424411
1910.0,1760915206.174433,86004677846.39188,297.9149289328929,996841637412.627,19306102.78715519,30.355017170796692,0.1844297758354757,6.307471126020184
1911.0,1778236806.0929468,88368875474.15816,299.3547038349509,996476117531.7798,24298965.645844948,30.415591379422487,0.18616885995329338,6.423133749025134
1912.0,1795581518.7748911,90803691359.17249,300.8154373233604,996100549811.0146,29761797.358284365,30.47781768314335,0.18799198105807324,6.542687303513231
1913.0,1812956493.555248,93312487069.09096,302.29632579137837,995714634122.7383,35603303.3827161,30.54176533550117,0.18989507656717108,6.666045625893474
1914.0,1830372536.6996114,95898802927.8257,303.7972715042121,995318056052.6948,41737947.98917671,30.60746477668138,0.19187454664415127,6.793145478444009
1915.0,1847842847.8566453,98566357290.07146,305.3186717220428,994910486140.2515,48087026.080161534,30.674971070664956,0.19392742161575963,6.923946438490374
1916.0,1865382171.4567182,101319053759.47084,306.86109208488017,994491579121.7686,54579448.473936014,30.744355853393422,0.19605132369950692,7.0338268007550155
1917.0,1883006210.6113238,104160981863.28712,308.4251320890936,994060973143.291,61152190.02676622,30.81569280955523,0.1982443929962183,7.118260391685666
1918.0,1900731222.7977874,107096415235.70451,310.011419907004,993618288970.3721,67750420.12758434,30.889052362912533,0.20050522882702299,7.203637696302311
1919.0,1918573747.350886,110129812426.55605,311.6206417060075,993163129205.6201,74327366.24100524,30.96450257493191,0.20283284641114174,7.289876067299421
1920.0,1936550428.8054032,113265822122.42747,313.2535634421299,992695077502.8071,80843970.79924718,31.042111586353954,0.20487131092019117,7.376911135059396
1921.0,1954677909.0279002,116509292354.65576,314.9110401359949,992213697758.7866,87268400.13044417,31.12194955148365,0.20686289592013518,7.4646963866376215
1922.0,1972972768.168874,119865282713.61322,316.5940186049442,991718533266.2793,93575457.20220244,31.20408984946868,0.2089039914304129,7.553202443664587
1923.0,1991451500.1243958,123339078814.83673,318.30353843786344,991209105814.7466,99745941.10402,31.28860989341823,0.21099526987382056,7.642416116078135
1924.0,2010130512.4127724,126936208601.11028,320.0407329743109,990684914729.7837,105765987.19740826,31.375591791702355,0.21313754239314833,7.732339307254491
1925.0,2029026143.363391,130662460288.74603,321.80683045986353,990145435843.229,111626413.62883762,31.4651229604786,0.21533175241793268,7.8229878379477515
1926.0,2048157913.934205,134523901882.23134,323.602646087867,989590120387.002,117322092.80734864,31.557296704725402,0.2175787966888229,7.914402696965377
1927.0,2067566847.5026221,138526971328.7534,325.4257799459256,989018393804.0024,122851360.58923438,31.652181629862948,0.21987847696513801,8.006719791006908
1928.0,2087270224.4004097,142678923278.92407,327.27823746456585,988429654175.8555,128215471.26199417,31.749649999792517,0.22223166647282908,8.09999392878885
1929.0,2107283970.9212363,146986993104.01968,329.1624890489703,987823268751.9199,133418102.92621595,31.849841669363173,0.22463998889102416,8.19428364448874
1930.0,2127624742.724085,151458671983.0228,331.08071834049315,987198574031.228,138472877.31697652,31.95292253080958,0.22710514134286158,8.289658102363125
1931.0,2148309718.624826,156101828137.86304,333.03487163749526,986554874675.3003,143449499.9407342,32.05904555230857,0.2296288411719619,8.38133759365136
1932.0,2169356539.512975,160924756511.59903,335.02684463267246,985891441905.7144,148339072.4630443,32.16835290262565,0.23221284698474112,8.469402611497221
1933.0,2190783281.2617955,165936214975.98776,337.0035448438357,985207511690.54,153134444.7388762,32.2809749971762,0.23485896131042858,8.558962278717868
1934.0,2212600322.271938,171145460669.66226,338.92341743756816,984502282776.8921,157835067.09394696,32.39429031381639,0.2375610528485515,8.650048432201286
1935.0,2234812333.460646,176560494977.35828,340.81407487010694,983774914569.0459,162444577.31213546,32.506273688620574,0.24031418253921658,8.74267836368227
1936.0,2257427809.703093,182188624879.1368,342.694469932224,983024532465.3921,166969208.14767542,32.61838992057286,0.24312343175912118,8.836889445474558
1937.0,2280457186.8749037,188038792498.53616,344.5722917505125,982250230809.6558,171416744.5530746,32.7316571626128,0.24599308878317905,8.932730061877672
1938.0,2303912195.218978,194120969950.15176,346.45082920207926,981451065941.5371,175795846.15040234,32.846536356414454,0.24892600500829398,9.030255945374668
1939.0,2327805528.0175385,200445734139.25156,348.3334489188823,980626051819.249,180115608.96896595,32.96327376951011,0.25192444529768304,9.129528135000593
1940.0,2354416833.928874,206991542027.39017,349.8873564288296,979774157449.1572,184385283.800241,33.08212460691573,0.2548474852616612,9.239504990040746
1941.0,2392284983.0155153,213832852948.12912,349.90968934127926,978894443395.541,188614100.178145,37.342916403085205,0.2699743451568284,9.393744919698522
1942.0,2429879853.247758,221265599750.93018,350.3628853210123,977985653770.5112,192811185.5146131,37.39949955245886,0.27249335841803607,9.547034704515319
1943.0,2467683492.28008,229072490378.41663,351.20494939008205,977045274971.5698,196985638.0736466,37.48723336626144,0.27523231170059786,9.701277398203676
1944.0,2505916288.4466515,237199277208.15982,352.25572553174726,976071716887.4614,201146745.2983443,37.60125146530041,0.2781369269051667,9.85735196454308
1945.0,2544689198.208264,245637206131.2175,353.37682684086013,975063619959.3267,205304180.48318154,37.73068447828726,0.28115976200810555,10.015709684993363
1946.0,2584062698.4205976,254392145522.14627,354.51779761060766,974019661833.269,209468046.57944492,37.8675756534036,0.2842704929791929,10.176605377313418
1947.0,2624080026.012859,263474741365.8567,355.67632522870304,972938495214.7998,213648773.69748276,38.009173670193796,0.2874572448682165,10.340227928791677
1948.0,2664781567.3595443,272898027958.67337,356.86012747544805,971818727563.9951,217856944.97473037,38.15553502373728,0.29071786921768666,10.506756763921226
1949.0,2706208574.2121553,282676759312.72546,358.1591848314627,970658910945.1709,222103123.026354,38.30730128521847,0.2940527925847377,10.676376288517165
1950.0,2748421113.4491243,292826966088.8697,359.56750140960247,969457534718.0918,226397743.8741734,38.469887316071386,0.2974768583734931,10.849346556381478
1951.0,2791478049.1470942,303367690867.3751,361.0247172242399,968213020112.2139,230751090.90010324,38.64313456233879,0.3009890585262798,11.025924309532405
1952.0,2835426600.401791,314318703015.07513,362.5029644300116,966923707426.0273,235173285.9792826,38.82373160964283,0.30457936138637803,11.20632169940995
1953.0,2880309254.110496,325699213217.56616,364.0057692838631,965587852938.2134,239674259.26840666,39.01025438449381,0.308243516779031,11.39073351751991
1954.0,2926169939.548353,337528705743.183,365.5419099394537,964203631282.0386,244263709.98511043,39.20310196010608,0.3119829089425994,11.579361569923957
1955.0,2973055030.4369073,349827741094.2115,367.1146443787236,962769134282.6299,248951081.11380422,39.402981739275106,0.31580002989438866,11.772418644945663
1956.0,3021012344.750391,362618108462.06976,368.7233957568254,961282366382.9795,253745556.94751292,39.610286129778025,0.31969656729969753,11.970124584084084
1957.0,3070090537.6390786,375922721002.9932,370.3673154760026,959741239422.0156,258656080.58137998,39.825192592062386,0.3236736719469509,12.172703935156527
1958.0,3120281015.746508,389765573594.4683,372.0533413948189,958143567857.7529,263691385.59440523,40.047873160566546,0.3277098119547704,12.38015557889518
1959.0,3171402756.216258,404169386272.0478,373.80758196667176,956487064169.9766,268860037.49892503,40.27909999475546,0.33174601682336774,12.591794726570155
1960.0,3223509590.1030946,419149700789.23956,375.62204217906867,954769344278.3203,274170481.00837314,40.521173219801454,0.3358807701093379,12.807868801228857
1961.0,3276647475.614761,434729709017.3942,377.489337177427,952987958049.9658,279631087.00990075,40.77383808292499,0.34011323048383435,13.028595719861114
1962.0,3330859694.3649707,450935700678.6533,379.40653400524866,951140356786.6421,285250193.4530083,41.03696400351772,0.34444370962227133,13.254184608710394
1963.0,3386189221.511408,467795878453.8074,381.373703420816,949223880058.7578,291036140.0257424,41.31072364440074,0.34887370635468984,13.484845351603536
1964.0,3442679855.8079944,485340086325.6263,383.39143003122274,947235747575.3291,296997300.8170826,41.59549519100848,0.3531937925627803,13.720793237020029
1965.0,3500376603.5819087,503599791605.147,385.4598850473649,945173052208.4453,303142118.7712823,41.891710905996355,0.3571338535375232,13.962250657473094
1966.0,3559325794.5234394,522608106112.956,387.5789820991855,943032753094.1235,309479143.3839699,42.199801648638896,0.3611612892515789,14.209447761156445
1967.0,3619575178.0703077,542399830985.4759,389.7486332603453,940811668643.1436,316017071.4330637,42.520207349153445,0.36527850365855813,14.462623048135331
1968.0,3681174043.624499,563011533803.183,391.9687914755886,938506469361.4551,322764790.0280587,42.85339411363858,0.369488026669133,14.72202408489769
1969.0,3744173340.62114,584481648671.4253,394.23939327872597,936113670342.7915,329731421.29615176,43.19985876257855,0.37379252339175456,14.987908242277095
1970.0,3808625785.9312835,606850586245.3997,394.74932004187275,933629623335.938,336926222.6506581,43.56012747402938,0.3781947885257965,15.260543407058647
1971.0,3874203749.5513096,630160848456.2999,395.08481081245753,931050508344.395,344357501.6392777,43.82132415067968,0.3823852418522563,15.538675390810601
1972.0,3940924477.3548517,654372066919.4291,396.0609531517244,928372324738.4556,352031210.9185548,44.08297141627334,0.38663571215731657,15.822429640866313
1973.0,4008957461.3942523,679523608626.4744,397.31617731710486,925591243454.0479,359950939.4981813,44.39627599935657,0.39109115567991004,16.112540681187202
1974.0,4078435127.7138987,705692025381.7157,398.59005095003744,922703268117.3853,368118842.87368923,44.74165582402476,0.3956991916721839,16.409593346540408
1975.0,4149421976.1205173,732936074471.5917,399.8447300103633,919704077009.5132,376536541.85384345,45.11648117874328,0.4004557618837274,16.713899582435324
1976.0,4221950766.7385163,761303327407.0558,401.12425123435287,916589098693.0088,385205720.5963779,45.50141417102059,0.4053059792879594,17.02564481232533
1977.0,4296065111.444962,790841215991.2135,402.45742908738623,913353559551.5288,394128520.24484193,45.89976382236842,0.4102607709621756,17.345060553289724
1978.0,4371851847.873747,821601953930.4303,403.84398606274505,909992484383.5659,403307837.546134,46.31390343015487,0.4153270164753852,17.67255657153555
1979.0,4449625735.409318,853643983083.1108,405.2552576974804,906500676079.3618,412747562.7716668,46.74960548706104,0.4205125976061961,18.00947042318194
1980.0,4529500501.53631,887043940904.043,406.68764825885285,902872689151.2588,422452756.54615223,47.206130032976304,0.42581765565327123,18.35633590325625
1981.0,4611569788.540805,921828390311.7809,408.14493898703984,899102752402.4165,432429770.34992486,47.68374119219261,0.4312446662727363,18.713613100639545
1982.0,4695924513.246665,957946984197.6002,409.6236392188366,895184981743.5913,442686326.0312256,48.18272532577752,0.4358477359496133,19.081759181648554
1983.0,4782358921.16752,995498964947.2721,410.9517873609481,891029277693.7842,453231579.8822456,48.57303747549071,0.4401769031529388,19.460032928929532
1984.0,4870637234.1864605,1034570024947.9791,412.1732324343775,886622784779.5464,464076248.6820284,48.964188569738006,0.44459494703363106,19.847573418199033
1985.0,4960814844.392015,1075207247119.3062,413.4004699268505,881953870572.0195,475232623.5166375,49.363412823067435,0.44911851892021515,20.24471035152275
1986.0,5052973589.762183,1117471172291.9585,408.90997204453043,877010540519.6782,486713766.97030795,49.77900004202768,0.45376864973968334,20.651891202691253
1987.0,5145431929.570758,1161436538075.0408,403.0766746029076,871780343992.9097,498528416.48014116,49.81210215971179,0.45738470572175743,21.062353908437572
1988.0,5237874639.692244,1206672075203.715,398.15695854367056,866248663021.3667,510673835.8764744,49.7635770398723,0.46083419211835225,21.47488668240037
1989.0,5330558131.133699,1253147378733.5374,393.8274256249024,860404369539.0571,523133617.2864901,49.79025183965381,0.4645789818167406,21.89058516492569
1990.0,5423629829.158034,1301011609884.549,389.78829052740497,854236832293.1592,535879801.84967554,49.870487811326434,0.4685576905750203,22.310062271906517
1991.0,5517044372.169726,1350360611783.2722,385.90839823084224,847734247552.9116,548876406.0666342,49.984196695885814,0.47271454423047227,22.73310243216364
1992.0,5610408187.292588,1401246787814.3308,382.1761468868127,840883932134.7607,562082873.9617702,50.077537240320325,0.4768934164083039,23.15802125154561
1993.0,5703583613.746075,1453679477487.197,378.1030769187818,833672390109.9487,575456906.6042238,50.064848477643636,0.48081977730352504,23.584159530021193
1994.0,5796458184.821877,1507676272882.112,372.2867920091046,826085919934.3071,588956022.5754172,50.03577263581518,0.4847755117811849,24.01094441151996
1995.0,5888470534.732557,1563219840690.075,366.8268044074266,818110564912.9282,602536867.1273607,49.886708121958186,0.48843446420931197,24.435927471007528
1996.0,5979588326.715961,1620139365502.3562,361.699120760575,809732014788.1494,616154211.7917157,49.77136571754265,0.49227489440586314,24.85883109440773
1997.0,6069863664.048751,1678506796266.3994,356.8275917618462,800937424834.0483,629761728.1565274,49.68785471665149,0.49629316968153603,25.279713107783422
1998.0,6159329027.738042,1738381235426.4534,352.1619608665557,791713367664.3613,643313503.0309559,49.630785012116945,0.5004739721347918,25.698538141094136
1999.0,6248020006.820156,1799809976619.594,347.6773656073388,782045927979.3442,656765603.4261264,49.596651313769314,0.5045912195742716,26.115277061525504
2000.0,6336258485.831437,1862836480923.3445,343.34707228660244,771920808690.061,670077398.6521834,49.58391963659546,0.5080875433831485,26.531098613403223
2001.0,6424178583.5016985,1927533089255.2705,339.16177972970695,761323622119.23,683212555.913022,49.59058150960041,0.5116977545070007,26.946396799013424
2002.0,6511792725.902714,1993611564124.377,335.1214419266391,750239468313.398,696139716.9171864,49.61612444075782,0.5153995553233606,27.35875863918521
2003.0,6599065620.183501,2060641155978.3645,331.22243110147946,738655980580.6221,708832895.7524803,49.65977093250538,0.5191619729926348,27.763064009635865
2004.0,6685908628.283767,2128846326956.6243,327.4547161480023,726564529523.9766,721271630.6688983,49.7201182350286,0.5229964251246252,28.16586363871384
2005.0,6772289505.833567,2198323139678.0676,323.8116298801844,713954441928.5615,733440906.216038,49.79720164073406,0.526909772359581,28.566926261824932
2006.0,6858167705.553655,2269117136447.266,320.29411247307064,700814175011.6284,745330892.9929576,49.89085074332738,0.530905341501964,28.965998494428153
2007.0,6943401366.430122,2341252083987.532,316.6298583596705,687131751002.7129,756936537.8015373,50.00134337828261,0.534989547977739,29.362411597099488
2008.0,7027821130.362874,2414733479981.793,312.05258335835043,672894856497.6089,768256659.7103846,50.106963542067774,0.5390897136810626,29.755391200196986
2009.0,7111061148.036695,2489445783629.443,307.82125967498786,658090977565.0947,779291889.6850679,50.1451276201093,0.5429823235453985,30.143338514660886
2010.0,7193151879.655523,2564948326691.3887,304.06654555983965,642708281991.5703,790042869.7445602,50.21699830580492,0.5470033894326007,30.52633567819556
2011.0,7274300858.872135,2641441200539.705,301.2871871965222,626738820824.7104,800510359.5327338,50.33496121138047,0.5512052589831459,30.9052187286875
2012.0,7355206352.480612,2719125218963.8403,298.9097635467668,610173081092.9731,810696959.64635,50.54989679534917,0.5557688133877787,31.282916045995727
2013.0,7435968722.896053,2788148807887.3657,296.58755481370616,593000421144.272,820609263.2299656,50.81506948417852,0.5600043623581924,31.659829740916898
2014.0,7515360287.893624,2845134513548.68,294.21273434194205,575296490925.8638,830258849.6939203,51.07411865371685,0.5635523506577551,32.03071730017754
2015.0,7592093533.375666,2907321878223.0615,291.65733026905775,557165388191.417,839661613.132447,51.309273326213344,0.5672555296436739,32.390077799483834
2016.0,7667219245.651932,2970753849615.75,289.03788282702993,538559205937.0034,848835639.5550432,51.55659221323077,0.5710283309668658,32.74239168159147
2017.0,7740961317.763693,3033775757539.226,286.988085654171,519465607073.9524,857799094.4787775,51.81197242983003,0.5747722774455751,33.088633191161406
2018.0,7813457636.856601,3095443836640.1177,285.15363828322023,499886934381.47144,866569656.3255202,52.12475470847174,0.5786234975773855,33.42941576270128
2019.0,7884702629.079,3120515091973.485,283.3240118016122,479833912684.04126,875164936.5950762,52.46083028530381,0.5807205040858947,33.76474203907424
2020.0,7951629857.086165,3151650797106.537,281.01302846279765,459625637995.44434,883602357.5744189,52.70433300094372,0.5827353076495411,34.08149804838796
2021.0,8016107087.757805,3181938247353.5215,278.31286423344034,439205160392.13965,891896896.262788,52.92940111213167,0.5845820068219891,34.387693136951825
2022.0,8078486081.490423,3208393184473.459,275.53877056707626,418577697106.7783,900057868.2532941,53.118821566789485,0.5860533394754798,34.68485012777593
2023.0,8138718179.266193,3211252283097.0664,272.78850446178257,397774894215.97705,908087266.1270157,53.28860483045707,0.5862531137829337,34.97275854681962
2024.0,8194589669.227058,3056032042840.2065,269.8177089349027,377001283100.2173,915979344.5244979,53.392546413428285,0.5784012191294189,35.24187141429189
2025.0,8234827573.275094,2898509682208.9194,264.61423965027194,357636133427.6699,923719118.9335434,53.04180423050793,0.5685183838997523,35.44359163702616
2026.0,8261978971.381574,2733858142832.35,257.34672584761176,339685518524.28955,931273342.3417504,52.481899260286376,0.5572592616111286,35.58866560725228
2027.0,8276819852.711141,2564929939015.7827,249.26546333440342,323200040848.75,938577563.3352027,51.703382792150215,0.5447267098569301,35.68017758213
2028.0,8281582493.2014,2395396066931.951,241.0844724750577,308206041749.802,945529555.481794,50.82172388400887,0.5314817092663124,35.72739562805683
2029.0,8277322975.7534,2253616755892.3306,233.8615618302028,294699750408.02856,951990386.0207406,49.90520265850188,0.5193529419903512,35.73440674389856
2030.0,8265825881.712984,2148461762377.4014,227.52462822680553,282430194472.1487,957792524.7175478,49.119395977729596,0.5095649307937195,35.70833274981837
2031.0,8249228763.808736,2042745625531.1223,222.1212432799557,271070397344.88812,962753272.2453985,48.175331755986136,0.4991160666066189,35.65774937502804
2032.0,8224981545.4361105,1938553311298.2126,217.57131730591033,260620679008.91864,966690478.9494039,46.92442691820688,0.487666165503979,35.57094033471258
2033.0,8193977472.172674,1837326763881.5752,213.99252033839645,251060820925.95172,969436711.3157516,45.82557323494509,0.4768707583998597,35.45108861518309
2034.0,8157457488.506198,1740247873757.1487,210.98902159558932,242358791466.9433,970849827.5835907,44.90804387495678,0.46688941870605555,35.30296895238983
2035.0,8116238330.368652,1648098744635.781,208.24372322476037,234473334311.22382,970819965.8255785,44.09167445427877,0.4574917490506963,35.12964504005498
2036.0,8070796552.938974,1561260176298.6328,204.55804745140318,227357084792.9925,969272582.0602068,43.31273748204008,0.4468148227322701,34.93285233603969
2037.0,8018672712.03557,1477454707594.4924,201.26234231633148,220721729043.72333,966167169.0341401,42.07497017783719,0.43403324743443844,34.70177046118451
2038.0,7959807752.930922,1395958731481.695,198.390858235818,214442546536.44672,961494521.8640412,40.81575770565155,0.42135721667343495,34.43612005527116
2039.0,7894407703.920628,1317229494399.7366,195.8883307115196,208509721927.64948,955274970.9415741,39.66530120395177,0.40903610704673526,34.13690905735559
2040.0,7822026819.637163,1241144029368.6252,193.74308185471074,202911496576.45062,947556018.5826756,38.61572697333929,0.396759195139789,33.802457439011306
2041.0,7743667563.394946,1167120951448.9534,191.92486242428294,197636634451.63397,938409029.4463818,37.66202269745906,0.38495491426462924,33.43746179382779
2042.0,7660086209.054571,1096803664017.8448,190.41010316240792,192676370407.9759,927925372.447566,36.790895726559675,0.3737725410835031,33.04564242042217
2043.0,7572322389.589938,1030253343201.503,189.19262001609906,188014954835.9001,916212347.5208353,36.005560262152,0.3632219690463128,32.632005881306625
2044.0,7481328936.960586,967446400781.9457,188.27497152519828,183636378127.29364,903389184.7326113,35.30234468036829,0.3523561301480937,32.20122077234109
2045.0,7387978278.477311,908303478917.231,187.65452711085604,179524730923.9704,889583337.4172559,34.67890849150924,0.34208991265383776,31.75762396568616
2046.0,7293054014.132825,852708611418.7231,185.86868518125033,175664441138.5722,874926941.0905039,34.13179258972024,0.3324382720403099,31.30516624181946
2047.0,7195344972.380655,800521698450.5322,184.26676101235122,172040429540.04266,859552099.8989,33.39523125686641,0.3223573741314291,30.839228259979826
2048.0,7095561959.8943815,751509011680.7959,183.1461169059008,168638212321.62787,843586105.8757862,32.71730246153561,0.31282159600208637,30.363429224142493
2049.0,6994681112.451077,705454654524.8223,182.48302465582145,165444299021.98444,827149055.3095756,32.147060845541006,0.3039851368005294,29.88246919216017
2050.0,6893509254.199026,662255737443.9806,182.22014664814327,162446116740.25397,810353317.3680686,31.67544174172215,0.29579298497224893,29.400256532866734
2051.0,6792701256.190356,621791073597.0693,178.83866107260005,159631529856.117,793303389.1186624,31.288880397251187,0.2881727013496871,28.91998548598538
2052.0,6688811254.267584,583922128885.6107,173.8219355330772,156988917793.3294,776092275.3476171,30.38632478442943,0.2788478923987256,28.427359466872485
2053.0,6578149203.186102,548382730025.9191,169.92523235601797,154507248745.5656,758795198.7862574,29.23636429320151,0.2689002951216957,27.90709841419498
2054.0,6462795387.88716,514988124291.924,166.85359794318998,152176622142.9555,741467543.442423,28.30735301830663,0.26010792365435087,27.368404120583488
2055.0,6345116993.189904,483653926418.0778,164.28446811257848,149987922614.71478,724147947.7396914,27.541524972600214,0.2522078831892379,26.82155846893855
2056.0,6226349359.039561,454281713391.0737,162.0560447840173,147932393427.43793,706863134.0046755,26.87939307456216,0.2449412628408563,26.27193813713319
2057.0,6107268718.506051,426763483871.55414,160.10847598302823,146001696145.52582,689632556.2009145,26.290701198271424,0.23816941882502843,25.722908196249442
2058.0,5988479633.625939,400989714213.863,158.42189300555498,144187951339.07172,672472169.9679403,25.763028428874804,0.23182686403077185,25.177063446506416
2059.0,5870551147.870857,376853621168.5618,156.98482402994077,142483745053.66278,655397201.4338936,25.292154597748958,0.2258812911967351,24.631943950890864
2060.0,5753959124.908682,354252858535.4645,155.78685339930848,140882117163.69635,638423998.8232656,24.88452880929919,0.22034477317344153,24.088560219483522
2061.0,5639071795.960599,333089940919.8204,154.7130077490308,139376542514.9206,621571098.0337639,24.52717068764623,0.21515228842378809,23.55480923294745
2062.0,5526061094.146451,313272347387.3731,152.28275268627027,137960910266.0114,604859400.075657,24.200252857569318,0.21021500749174346,23.031396844351132
2063.0,5413213696.906342,294710904515.73193,150.27237674672065,136629502789.61505,588310634.2607392,23.672420577888886,0.20463214447156367,22.51118569353005
2064.0,5301248947.699696,277300026751.62225,148.64590537453097,135376981445.42322,571945518.9270104,23.222702283871293,0.19949700462092446,21.99719328972815
2065.0,5190797007.73686,260969729219.63586,147.29915968239936,134198456331.72882,555783457.0426923,22.842937113272413,0.1947629787446218,21.492033713546522
2066.0,5082353997.203007,245653375705.5964,146.16170151712066,133089334982.54535,539842900.8302102,22.515101309338295,0.19034509272761277,20.99773654361045
2067.0,4976102976.424583,231304014303.04355,145.20487367256217,132045308135.79657,524141793.092446,22.22688671105967,0.1856640562447573,20.515016972483718
2068.0,4872175870.602631,217837789102.26755,144.4194749751897,131062266075.0086,508697860.4737135,21.97295791862903,0.18121761025938735,20.044369210797385
2069.0,4770661092.254265,205198322708.21616,143.80024664231482,130136455471.32397,493528723.38137805,21.750895304881073,0.1770073984337737,19.586101338171243
2070.0,4671631295.225421,193316481117.32822,143.3418278684277,129264362599.81403,478651853.29335725,21.559110619287345,0.1730105955858024,19.14045159536284
2071.0,4575131533.700943,182116377162.66232,143.0377838362025,128442767555.06537,464084420.1357017,21.395992959083443,0.16919878291099352,18.707540903722375
2072.0,4481233756.09266,171575640951.51108,142.87756190724508,127668772952.12402,449843069.7296122,21.25979046652246,0.16556697989671207,18.287596379474717
2073.0,4390130131.011294,161670912409.88065,142.84969410775105,126939576478.08008,435943664.10727966,21.148438477473984,0.1621061261355724,17.881330259195366
2074.0,4301983322.859568,152367673314.3059,142.9478458998375,126252475100.33807,422401014.8544179,21.05970334858242,0.15880102960600073,17.489326488998035
2075.0,4216743551.4512324,143627538739.309,143.17358555049807,125604912488.75226,409228638.94886065,20.992120871250144,0.155640626768648,17.111299648003442
2076.0,4134359510.0544915,135414472251.66154,143.52699070449188,124994495449.11017,396438558.52290183,20.945546302719425,0.15261873188993239,16.746957285089795
2077.0,4054783379.587209,127694789847.09859,144.00631518868553,124418983942.04059,384041153.7238674,20.91963888354162,0.14972835173401008,16.396020220005365
2078.0,3977981694.0527887,120437034504.73944,144.60833161521668,123876281085.19043,372045068.2321927,20.913812651266703,0.1469614040064819,16.05826638376467
2079.0,3904086364.7842293,113611845547.80077,145.3232180767612,123364423688.54529,360457162.3717855,20.939302087947482,0.1443465759981823,15.734139211827541
2080.0,3833079951.2902074,107165012308.1827,146.14634997359482,122881573344.96716,349282507.4735601,21.01094069971846,0.1419056879527995,15.423476285589226
2081.0,3764846757.412748,101076198872.20097,147.07305983225476,122426122042.65741,338524415.0211831,21.097961254346256,0.13953125835395788,15.125719977075908
2082.0,3699287659.974076,95334760144.75737,148.09814176005673,121996548197.45056,328184492.3333695,21.19961181187893,0.1372254103230674,14.667800828683431
2083.0,3636325660.5950828,89925554357.49052,149.218790231179,121591375466.83533,318262717.092125,21.315105949827014,0.13498662715261955,14.200723108656756
2084.0,3575895357.750573,84831493103.24046,150.43373037270302,121209191860.81598,308757528.1194444,21.44396383346525,0.13281241909835467,13.763004242850899
2085.0,3517937733.9959292,80034994709.05429,151.74160964796127,120848658015.1272,299665932.2581138,21.58590758051698,0.13069988210689015,13.35275708304528
2086.0,3462216508.556282,75518749045.72185,153.14830523573997,120508509287.61371,290983625.7091309,21.740640974173015,0.1286489998081251,12.967539566486906
2087.0,3408433217.172367,71266018409.29683,154.66227266502966,120187554604.16937,282705125.81741005,21.8399972626741,0.12647235269479237,12.604826049913077
2088.0,3356579184.084747,67260836108.52969,156.27857915687608,119884674025.92987,274823907.90389407,21.943112691102694,0.12434011372797928,12.26330206993981
2089.0,3306645505.354245,63488214046.059235,157.99191857509646,119598815472.46863,267332541.63734838,22.06038241492887,0.12227758451798522,11.941750000776887
2090.0,3258614200.77758,59934076601.52707,159.79737639594305,119328990562.77289,260222822.64489678,22.190802271757367,0.12027817648167127,11.639010016366928
2091.0,3212460699.441248,56585222708.71411,161.69027465623503,119074270737.21637,253485896.82975715,22.333456740625117,0.11833602698645587,11.353984438551814
2092.0,3168155632.717531,53374938308.223335,163.66600719426506,118833783540.70435,247112376.15716377,22.48749219767683,0.11582702699039837,11.083917305495376
2093.0,3125559644.199272,50168534041.156,165.71652073962403,118606940052.89441,241092444.6513829,22.65176594488366,0.11307558557565965,10.823689737817826
2094.0,3084295866.9806743,47056298578.22709,167.82512262101648,118393723783.21948,235415947.65693045,22.82427368349737,0.11024301240214415,10.551866947974938
2095.0,3044249552.706772,44082835200.45686,169.98039492507993,118193734514.26202,230072448.71322256,23.003196725864587,0.10739854827750049,10.292182794377123
2096.0,3005416482.5041375,41265712024.96256,172.18772955509414,118006382464.6601,225051254.84106192,23.18711992970526,0.1045757416471074,10.046204440662027
2097.0,2967867705.400373,38609167090.736855,174.4549776362463,117831003188.55402,220341437.5755233,23.376770972198845,0.10179337457987389,9.813918588311921
2098.0,2931682304.2624216,36111769772.012825,176.7868385201915,117666914228.4184,215931874.49884203,23.573081874415966,0.09906252901454352,9.595129235591243
2099.0,2896896749.4157476,33769404164.83827,179.1856249349313,117513439206.88733,211811318.73793662,23.77652523921319,0.09639035239354428,9.38941487829771
2100.0,2863540446.9560633,31576352141.876827,181.6498562545571,117369919239.18677,207968489.77933356,23.987299552757854,0.09378099777960959,9.196294835223982
